Realisation number,AIC fold,AIC hopf,AIC null
1,4.7953964369563315e-16,0.008383465285906947,2.775967526873159e-10
2,1.0681601720765846e-12,0.0035068979652224546,1.5227391310247878e-06
3,4.828911458184771e-13,0.4464684200468407,0.00027103110277867617
4,8.10516391598069e-16,0.0023240908874937777,1.0303356218294323e-09
5,1.3111585869832591e-19,0.9999985107190625,2.169242280201461e-16
