Realisation number,Variable,index,Kurtosis,Standard deviation,Lag-2 AC,Variance,Lag-3 AC,Smax,Coefficient of variation,Smax/Var,Lag-1 AC
1,x,0,-0.16393546346093008,0.9241590214067278,0.9521037646314456,0.9241590214067278,-0.9028999261836971,0.8701298701298701,0.9248128229463248,0.6363636363636364,-0.985595275756617
2,x,0,-0.34847622060529365,0.7581567014657808,0.8470948012232415,0.7581567014657808,-0.37072656332384263,0.7316017316017316,0.7652430665401243,0.7316017316017316,-0.9837182326268057
